district_name,year,unit_type,registration_circles,source_row_id,source_state_code,source_administrative_district_name,source_administrative_district_code,murder_with_rape_gang_rape,dowry_deaths,abetment_to_suicide_of_women,miscarriage,acid_attack,attempt_to_acid_attack,cruelty_by_husband_or_his_relatives,kidnapping_and_abduction,kidnapping_abduction_in_order_to_murder,kidnapping_for_ransom,kidnp_and_abductn_of_women_above_18_for_marrg,kidnp_and_abductn_of_girls_below_18_for_marrg,procuration_of_minor_girls,importation_of_girls_from_foreign,kidnapping_and_abduction_of_women_others,human_trafficking,selling_of_minor_girls,buying_of_minor_girls,rape_women_above_18,rape_girls_below_18,attempt_to_commit_rape_above_18,attempt_to_commit_rape_girls_below_18,assault_on_womenabove_18,assault_on_women_below_18,insult_to_the_modesty_of_women_above_18,insult_to_the_modesty_of_women_below_18,dowry_prohibition,procuring_inducing_children_for_the_sake_of_prostitution,detaining_a_prsn_in_premises_where_prost_is_carried,prostitution_in_or_in_the_vicinity_of_public_places,seducing_or_soliciting_for_purpose_of_prostitution,other_sections_under_itp_act,protection_of_women_from_domestic_violence,publshng_or_transmitting_of_sexually_explicit_mtrl,other_women_centric_cyber_crimes,child_rape,sexual_assault_of_children,child_sexual_harassment,use_of_child_for_pornography,offences_of_pocso_act,pocso_act_unnatural_offences,indecent_representation_of_women,missing_fields,sample,estimated
Central,2022,geographic_police_district,Central,5064,07,Central,077,0,3,2,0,0,0,156,127,0,,0,0,0,0,3,0,0,0,111,0,0,0,145,0,41,0,1,0,0,0,0,0,0,0,0,23,9,3,0,0,1,0,kidnapping_for_ransom,False,False
Dwarka,2022,geographic_police_district,Dwarka,5085,07,South West,084,0,12,5,0,1,0,418,312,0,,0,0,0,0,12,1,0,0,145,0,2,0,270,0,45,0,1,0,0,2,0,0,1,22,2,93,58,9,0,0,0,0,kidnapping_for_ransom,False,False
East,2022,geographic_police_district,East,5066,07,East,078,0,9,3,0,2,0,351,202,0,,0,0,0,0,5,1,0,0,82,0,0,0,97,0,15,0,0,0,0,0,0,10,1,1,0,30,31,0,0,0,0,0,kidnapping_for_ransom,False,False
New Delhi,2022,geographic_police_district,New Delhi,5070,07,New Delhi,079,0,0,0,0,0,0,20,18,0,,0,0,0,0,4,1,0,0,11,0,0,0,33,0,9,0,0,0,0,0,0,0,0,1,0,5,1,0,0,0,0,0,kidnapping_for_ransom,False,False
North,2022,geographic_police_district,North,5071,07,North,080,0,6,1,0,1,0,282,171,0,,0,0,0,0,40,1,0,0,49,0,0,0,92,0,20,0,1,0,0,0,0,0,0,0,0,40,27,2,1,0,0,0,kidnapping_for_ransom,False,False
North-East,2022,geographic_police_district,North-East,5072,07,North East,081,0,17,5,0,0,0,438,352,0,,0,0,0,0,18,1,0,0,76,0,1,0,129,1,6,0,0,0,0,0,0,0,0,1,0,68,42,1,0,0,0,0,kidnapping_for_ransom,False,False
North-West,2022,geographic_police_district,North-West,5073,07,North West,082,0,9,0,0,0,0,243,210,0,,0,0,0,0,6,4,0,0,67,1,0,0,115,0,11,0,0,0,0,0,0,0,0,8,0,80,32,0,0,0,0,0,kidnapping_for_ransom,False,False
Outer,2022,geographic_police_district,Outer,5074,07,North West,082,0,18,5,0,1,0,360,327,0,,1,0,0,0,6,2,0,0,65,1,0,0,115,0,26,0,2,0,0,0,0,0,0,13,0,75,35,2,0,0,0,0,kidnapping_for_ransom,False,False
Outer North,2022,geographic_police_district,Outer North,5086,07,New Delhi,079,0,11,4,0,0,0,277,506,0,,0,0,0,0,7,0,0,0,76,0,0,0,124,0,23,0,0,0,0,0,0,0,0,4,0,92,41,1,0,0,1,0,kidnapping_for_ransom,False,False
Rohini,2022,geographic_police_district,Rohini,5083,07,North West,082,0,15,5,0,0,0,440,270,0,,0,0,0,0,7,1,0,0,82,0,0,0,135,0,26,0,0,0,0,0,0,0,0,5,0,79,44,0,0,0,0,0,kidnapping_for_ransom,False,False
Shahdara,2022,geographic_police_district,Shahdara,5084,07,Shahdara,671,0,3,1,0,0,0,356,172,0,,0,0,0,0,6,1,0,0,67,0,0,0,137,0,29,0,1,0,0,0,0,0,1,6,3,33,33,1,0,0,0,0,kidnapping_for_ransom,False,False
South,2022,geographic_police_district,South,5076,07,South,083,0,4,0,0,0,1,539,277,0,,0,0,0,0,11,2,0,0,94,0,0,0,156,0,12,0,5,0,0,2,3,1,0,12,0,74,54,2,0,0,4,0,kidnapping_for_ransom,False,False
South-East,2022,geographic_police_district,South-East,5077,07,South East,670,0,10,3,0,0,1,354,341,0,,0,0,0,0,6,0,0,0,121,4,0,0,205,0,56,0,7,3,0,0,0,0,0,36,0,90,46,1,0,0,0,0,kidnapping_for_ransom,False,False
South-West,2022,geographic_police_district,South-West,5078,07,South West,084,0,7,5,0,0,1,226,229,0,,0,0,0,0,2,0,0,0,84,0,0,0,116,0,36,0,0,0,0,0,0,0,0,0,0,52,29,2,0,0,1,0,kidnapping_for_ransom,False,False
West,2022,geographic_police_district,West,5082,07,West,085,0,6,3,1,0,0,392,244,0,,0,0,0,0,3,4,0,0,76,0,0,0,116,0,18,0,0,4,0,0,0,0,0,9,2,50,28,1,0,0,0,0,kidnapping_for_ransom,False,False
Crime Branch,2022,special_unit,Crime Branch,5065,07,North West,082,0,0,0,0,0,0,0,0,0,,0,0,0,0,0,0,0,0,0,0,0,0,0,0,0,0,0,0,0,0,0,0,0,0,0,0,0,0,0,0,0,0,kidnapping_for_ransom,False,False
Economic Offences Wing,2022,special_unit,Economic Offences Wing,5067,07,New Delhi,079,0,0,0,0,0,0,0,0,0,,0,0,0,0,0,0,0,0,0,0,0,0,0,0,0,0,0,0,0,0,0,0,0,0,0,0,0,0,0,0,0,0,kidnapping_for_ransom,False,False
Igi Airport,2022,special_unit,Igi Airport,5068,07,New Delhi,079,0,0,0,0,0,0,0,1,0,,0,0,0,0,0,0,0,0,4,0,0,0,4,0,4,0,0,0,0,0,0,1,0,0,0,2,0,0,0,0,0,0,kidnapping_for_ransom,False,False
Metro,2022,special_unit,Metro,5069,07,North West,082,0,0,0,0,0,0,1,3,0,,0,0,0,0,1,0,0,0,1,0,0,0,16,0,4,0,0,0,0,0,0,0,0,0,0,0,1,0,0,0,0,0,kidnapping_for_ransom,False,False
Railway,2022,special_unit,Railway,5075,07,New Delhi,079,0,1,1,0,0,0,0,11,0,,0,0,0,0,0,1,0,0,1,0,0,0,5,0,2,0,0,0,0,0,0,0,0,0,0,4,0,0,0,0,0,0,kidnapping_for_ransom,False,False
Spl Cell,2022,special_unit,Spl Cell,5079,07,North West,082,0,0,0,0,0,0,0,0,0,,0,0,0,0,0,0,0,0,0,0,0,0,7,0,4,0,0,0,0,0,0,0,0,0,0,0,0,0,0,0,0,0,kidnapping_for_ransom,False,False
Spuwac,2022,special_unit,Spuwac,5080,07,New Delhi,079,0,0,0,0,0,0,48,0,0,,0,0,0,0,0,0,0,0,0,0,0,0,0,0,0,0,0,0,0,0,0,0,0,0,0,0,0,0,0,0,0,0,kidnapping_for_ransom,False,False
Vigilance,2022,special_unit,Vigilance,5081,07,New Delhi,079,0,0,0,0,0,0,0,0,0,,0,0,0,0,0,0,0,0,0,0,0,0,0,0,0,0,0,0,0,0,0,0,0,0,0,0,0,0,0,0,0,0,kidnapping_for_ransom,False,False
