state,source_name,year,count,source_row,source_path,source_sha256,category_mismatches,unit_id,feature_year,history_count
Haryana,Ambala,2024,563,259,raw/ncrb/3DistrictwiseCrimeagainstWomen2024.xlsx,cf04a114bff10d9b712b326eda40a91eefa46f45aa1de6d8dcd4870d978895fb,"[{'column': 23, 'label': 'Stalking (Total a+b)', 'reported_parent': 8, 'child_sum': 5, 'difference': 3}]",Haryana:Ambala,2022,817
Haryana,Bhiwani,2024,463,260,raw/ncrb/3DistrictwiseCrimeagainstWomen2024.xlsx,cf04a114bff10d9b712b326eda40a91eefa46f45aa1de6d8dcd4870d978895fb,"[{'column': 23, 'label': 'Stalking (Total a+b)', 'reported_parent': 20, 'child_sum': 10, 'difference': 10}]",Haryana:Bhiwani,2022,771
Haryana,Faridabad,2024,1341,261,raw/ncrb/3DistrictwiseCrimeagainstWomen2024.xlsx,cf04a114bff10d9b712b326eda40a91eefa46f45aa1de6d8dcd4870d978895fb,"[{'column': 23, 'label': 'Stalking (Total a+b)', 'reported_parent': 15, 'child_sum': 5, 'difference': 10}]",Haryana:Faridabad,2022,1317
Haryana,Fatehabad,2024,315,262,raw/ncrb/3DistrictwiseCrimeagainstWomen2024.xlsx,cf04a114bff10d9b712b326eda40a91eefa46f45aa1de6d8dcd4870d978895fb,"[{'column': 23, 'label': 'Stalking (Total a+b)', 'reported_parent': 12, 'child_sum': 8, 'difference': 4}]",Haryana:Fatehabad,2022,388
Haryana,Gurugram,2024,1377,264,raw/ncrb/3DistrictwiseCrimeagainstWomen2024.xlsx,cf04a114bff10d9b712b326eda40a91eefa46f45aa1de6d8dcd4870d978895fb,"[{'column': 23, 'label': 'Stalking (Total a+b)', 'reported_parent': 41, 'child_sum': 20, 'difference': 21}]",Haryana:Gurugram,2022,1360
Haryana,Hissar,2024,576,265,raw/ncrb/3DistrictwiseCrimeagainstWomen2024.xlsx,cf04a114bff10d9b712b326eda40a91eefa46f45aa1de6d8dcd4870d978895fb,"[{'column': 23, 'label': 'Stalking (Total a+b)', 'reported_parent': 31, 'child_sum': 21, 'difference': 10}]",Haryana:Hissar,2022,935
Haryana,Jhajjar,2024,489,266,raw/ncrb/3DistrictwiseCrimeagainstWomen2024.xlsx,cf04a114bff10d9b712b326eda40a91eefa46f45aa1de6d8dcd4870d978895fb,"[{'column': 23, 'label': 'Stalking (Total a+b)', 'reported_parent': 13, 'child_sum': 7, 'difference': 6}]",Haryana:Jhajjar,2022,660
Haryana,Jind,2024,475,267,raw/ncrb/3DistrictwiseCrimeagainstWomen2024.xlsx,cf04a114bff10d9b712b326eda40a91eefa46f45aa1de6d8dcd4870d978895fb,"[{'column': 23, 'label': 'Stalking (Total a+b)', 'reported_parent': 12, 'child_sum': 6, 'difference': 6}]",Haryana:Jind,2022,551
Haryana,Kaithal,2024,366,268,raw/ncrb/3DistrictwiseCrimeagainstWomen2024.xlsx,cf04a114bff10d9b712b326eda40a91eefa46f45aa1de6d8dcd4870d978895fb,[],Haryana:Kaithal,2022,484
Haryana,Karnal,2024,978,269,raw/ncrb/3DistrictwiseCrimeagainstWomen2024.xlsx,cf04a114bff10d9b712b326eda40a91eefa46f45aa1de6d8dcd4870d978895fb,"[{'column': 23, 'label': 'Stalking (Total a+b)', 'reported_parent': 32, 'child_sum': 14, 'difference': 18}]",Haryana:Karnal,2022,1051
Haryana,Kurukshetra,2024,717,270,raw/ncrb/3DistrictwiseCrimeagainstWomen2024.xlsx,cf04a114bff10d9b712b326eda40a91eefa46f45aa1de6d8dcd4870d978895fb,"[{'column': 23, 'label': 'Stalking (Total a+b)', 'reported_parent': 22, 'child_sum': 12, 'difference': 10}]",Haryana:Kurukshetra,2022,853
Haryana,Mahendergarh,2024,238,271,raw/ncrb/3DistrictwiseCrimeagainstWomen2024.xlsx,cf04a114bff10d9b712b326eda40a91eefa46f45aa1de6d8dcd4870d978895fb,"[{'column': 23, 'label': 'Stalking (Total a+b)', 'reported_parent': 11, 'child_sum': 1, 'difference': 10}]",Haryana:Mahendergarh,2022,318
Haryana,Nuh,2024,385,272,raw/ncrb/3DistrictwiseCrimeagainstWomen2024.xlsx,cf04a114bff10d9b712b326eda40a91eefa46f45aa1de6d8dcd4870d978895fb,[],Haryana:Nuh,2022,428
Haryana,Palwal,2024,522,273,raw/ncrb/3DistrictwiseCrimeagainstWomen2024.xlsx,cf04a114bff10d9b712b326eda40a91eefa46f45aa1de6d8dcd4870d978895fb,"[{'column': 23, 'label': 'Stalking (Total a+b)', 'reported_parent': 6, 'child_sum': 2, 'difference': 4}]",Haryana:Palwal,2022,763
Haryana,Panchkula,2024,396,274,raw/ncrb/3DistrictwiseCrimeagainstWomen2024.xlsx,cf04a114bff10d9b712b326eda40a91eefa46f45aa1de6d8dcd4870d978895fb,"[{'column': 23, 'label': 'Stalking (Total a+b)', 'reported_parent': 7, 'child_sum': 3, 'difference': 4}]",Haryana:Panchkula,2022,398
Haryana,Panipat,2024,1002,275,raw/ncrb/3DistrictwiseCrimeagainstWomen2024.xlsx,cf04a114bff10d9b712b326eda40a91eefa46f45aa1de6d8dcd4870d978895fb,"[{'column': 23, 'label': 'Stalking (Total a+b)', 'reported_parent': 7, 'child_sum': 6, 'difference': 1}]",Haryana:Panipat,2022,1271
Haryana,Rewari,2024,561,276,raw/ncrb/3DistrictwiseCrimeagainstWomen2024.xlsx,cf04a114bff10d9b712b326eda40a91eefa46f45aa1de6d8dcd4870d978895fb,"[{'column': 23, 'label': 'Stalking (Total a+b)', 'reported_parent': 30, 'child_sum': 17, 'difference': 13}]",Haryana:Rewari,2022,504
Haryana,Rohtak,2024,693,277,raw/ncrb/3DistrictwiseCrimeagainstWomen2024.xlsx,cf04a114bff10d9b712b326eda40a91eefa46f45aa1de6d8dcd4870d978895fb,"[{'column': 23, 'label': 'Stalking (Total a+b)', 'reported_parent': 27, 'child_sum': 9, 'difference': 18}]",Haryana:Rohtak,2022,708
Haryana,Sirsa,2024,352,278,raw/ncrb/3DistrictwiseCrimeagainstWomen2024.xlsx,cf04a114bff10d9b712b326eda40a91eefa46f45aa1de6d8dcd4870d978895fb,"[{'column': 23, 'label': 'Stalking (Total a+b)', 'reported_parent': 5, 'child_sum': 3, 'difference': 2}]",Haryana:Sirsa,2022,644
Haryana,Sonipat,2024,818,279,raw/ncrb/3DistrictwiseCrimeagainstWomen2024.xlsx,cf04a114bff10d9b712b326eda40a91eefa46f45aa1de6d8dcd4870d978895fb,"[{'column': 23, 'label': 'Stalking (Total a+b)', 'reported_parent': 17, 'child_sum': 9, 'difference': 8}]",Haryana:Sonipat,2022,1117
Haryana,Yamunanagar,2024,769,280,raw/ncrb/3DistrictwiseCrimeagainstWomen2024.xlsx,cf04a114bff10d9b712b326eda40a91eefa46f45aa1de6d8dcd4870d978895fb,"[{'column': 23, 'label': 'Stalking (Total a+b)', 'reported_parent': 22, 'child_sum': 4, 'difference': 18}]",Haryana:Yamunanagar,2022,873
Haryana,Charkhi Dadri,2024,228,282,raw/ncrb/3DistrictwiseCrimeagainstWomen2024.xlsx,cf04a114bff10d9b712b326eda40a91eefa46f45aa1de6d8dcd4870d978895fb,"[{'column': 23, 'label': 'Stalking (Total a+b)', 'reported_parent': 4, 'child_sum': 2, 'difference': 2}]",Haryana:Charkhi Dadri,2022,222
Haryana,Hansi,2024,184,283,raw/ncrb/3DistrictwiseCrimeagainstWomen2024.xlsx,cf04a114bff10d9b712b326eda40a91eefa46f45aa1de6d8dcd4870d978895fb,"[{'column': 23, 'label': 'Stalking (Total a+b)', 'reported_parent': 8, 'child_sum': 3, 'difference': 5}]",Haryana:Hansi,2022,285
Uttar Pradesh,Agra,2024,2017,849,raw/ncrb/3DistrictwiseCrimeagainstWomen2024.xlsx,cf04a114bff10d9b712b326eda40a91eefa46f45aa1de6d8dcd4870d978895fb,"[{'column': 23, 'label': 'Stalking (Total a+b)', 'reported_parent': 23, 'child_sum': 14, 'difference': 9}]",Uttar Pradesh:Agra,2022,1616
Uttar Pradesh,Aligarh,2024,1403,850,raw/ncrb/3DistrictwiseCrimeagainstWomen2024.xlsx,cf04a114bff10d9b712b326eda40a91eefa46f45aa1de6d8dcd4870d978895fb,"[{'column': 23, 'label': 'Stalking (Total a+b)', 'reported_parent': 5, 'child_sum': 4, 'difference': 1}]",Uttar Pradesh:Aligarh,2022,2453
Uttar Pradesh,Prayagraj,2024,1470,851,raw/ncrb/3DistrictwiseCrimeagainstWomen2024.xlsx,cf04a114bff10d9b712b326eda40a91eefa46f45aa1de6d8dcd4870d978895fb,[],Uttar Pradesh:Prayagraj,2022,1926
Uttar Pradesh,Ambedkar Nagar,2024,608,852,raw/ncrb/3DistrictwiseCrimeagainstWomen2024.xlsx,cf04a114bff10d9b712b326eda40a91eefa46f45aa1de6d8dcd4870d978895fb,[],Uttar Pradesh:Ambedkar Nagar,2022,614
Uttar Pradesh,Amethi,2024,400,853,raw/ncrb/3DistrictwiseCrimeagainstWomen2024.xlsx,cf04a114bff10d9b712b326eda40a91eefa46f45aa1de6d8dcd4870d978895fb,[],Uttar Pradesh:Amethi,2022,297
Uttar Pradesh,Auraiya,2024,436,855,raw/ncrb/3DistrictwiseCrimeagainstWomen2024.xlsx,cf04a114bff10d9b712b326eda40a91eefa46f45aa1de6d8dcd4870d978895fb,[],Uttar Pradesh:Auraiya,2022,678
Uttar Pradesh,Azamgarh,2024,1612,856,raw/ncrb/3DistrictwiseCrimeagainstWomen2024.xlsx,cf04a114bff10d9b712b326eda40a91eefa46f45aa1de6d8dcd4870d978895fb,"[{'column': 23, 'label': 'Stalking (Total a+b)', 'reported_parent': 12, 'child_sum': 4, 'difference': 8}]",Uttar Pradesh:Azamgarh,2022,1229
Uttar Pradesh,Badaun,2024,1055,857,raw/ncrb/3DistrictwiseCrimeagainstWomen2024.xlsx,cf04a114bff10d9b712b326eda40a91eefa46f45aa1de6d8dcd4870d978895fb,[],Uttar Pradesh:Badaun,2022,1234
Uttar Pradesh,Baghpat,2024,523,858,raw/ncrb/3DistrictwiseCrimeagainstWomen2024.xlsx,cf04a114bff10d9b712b326eda40a91eefa46f45aa1de6d8dcd4870d978895fb,"[{'column': 23, 'label': 'Stalking (Total a+b)', 'reported_parent': 8, 'child_sum': 3, 'difference': 5}]",Uttar Pradesh:Baghpat,2022,606
Uttar Pradesh,Bahraich,2024,1612,859,raw/ncrb/3DistrictwiseCrimeagainstWomen2024.xlsx,cf04a114bff10d9b712b326eda40a91eefa46f45aa1de6d8dcd4870d978895fb,[],Uttar Pradesh:Bahraich,2022,2042
Uttar Pradesh,Ballia,2024,911,860,raw/ncrb/3DistrictwiseCrimeagainstWomen2024.xlsx,cf04a114bff10d9b712b326eda40a91eefa46f45aa1de6d8dcd4870d978895fb,"[{'column': 23, 'label': 'Stalking (Total a+b)', 'reported_parent': 2, 'child_sum': 1, 'difference': 1}]",Uttar Pradesh:Ballia,2022,611
Uttar Pradesh,Balrampur,2024,401,861,raw/ncrb/3DistrictwiseCrimeagainstWomen2024.xlsx,cf04a114bff10d9b712b326eda40a91eefa46f45aa1de6d8dcd4870d978895fb,"[{'column': 23, 'label': 'Stalking (Total a+b)', 'reported_parent': 5, 'child_sum': 2, 'difference': 3}]",Uttar Pradesh:Balrampur,2022,594
Uttar Pradesh,Banda,2024,916,862,raw/ncrb/3DistrictwiseCrimeagainstWomen2024.xlsx,cf04a114bff10d9b712b326eda40a91eefa46f45aa1de6d8dcd4870d978895fb,"[{'column': 23, 'label': 'Stalking (Total a+b)', 'reported_parent': 6, 'child_sum': 4, 'difference': 2}]",Uttar Pradesh:Banda,2022,766
Uttar Pradesh,Barabanki,2024,1114,863,raw/ncrb/3DistrictwiseCrimeagainstWomen2024.xlsx,cf04a114bff10d9b712b326eda40a91eefa46f45aa1de6d8dcd4870d978895fb,[],Uttar Pradesh:Barabanki,2022,1459
Uttar Pradesh,Bareilly,2024,2196,864,raw/ncrb/3DistrictwiseCrimeagainstWomen2024.xlsx,cf04a114bff10d9b712b326eda40a91eefa46f45aa1de6d8dcd4870d978895fb,"[{'column': 23, 'label': 'Stalking (Total a+b)', 'reported_parent': 8, 'child_sum': 9, 'difference': -1}]",Uttar Pradesh:Bareilly,2022,2237
Uttar Pradesh,Basti,2024,499,865,raw/ncrb/3DistrictwiseCrimeagainstWomen2024.xlsx,cf04a114bff10d9b712b326eda40a91eefa46f45aa1de6d8dcd4870d978895fb,[],Uttar Pradesh:Basti,2022,821
Uttar Pradesh,Bijnor,2024,1009,866,raw/ncrb/3DistrictwiseCrimeagainstWomen2024.xlsx,cf04a114bff10d9b712b326eda40a91eefa46f45aa1de6d8dcd4870d978895fb,"[{'column': 23, 'label': 'Stalking (Total a+b)', 'reported_parent': 4, 'child_sum': 0, 'difference': 4}]",Uttar Pradesh:Bijnor,2022,1405
Uttar Pradesh,Bulandshahar,2024,1115,867,raw/ncrb/3DistrictwiseCrimeagainstWomen2024.xlsx,cf04a114bff10d9b712b326eda40a91eefa46f45aa1de6d8dcd4870d978895fb,"[{'column': 23, 'label': 'Stalking (Total a+b)', 'reported_parent': 6, 'child_sum': 3, 'difference': 3}]",Uttar Pradesh:Bulandshahar,2022,1280
Uttar Pradesh,Chandoli,2024,351,868,raw/ncrb/3DistrictwiseCrimeagainstWomen2024.xlsx,cf04a114bff10d9b712b326eda40a91eefa46f45aa1de6d8dcd4870d978895fb,"[{'column': 23, 'label': 'Stalking (Total a+b)', 'reported_parent': 4, 'child_sum': 5, 'difference': -1}]",Uttar Pradesh:Chandoli,2022,295
Uttar Pradesh,Chitrakoot,2024,322,869,raw/ncrb/3DistrictwiseCrimeagainstWomen2024.xlsx,cf04a114bff10d9b712b326eda40a91eefa46f45aa1de6d8dcd4870d978895fb,"[{'column': 23, 'label': 'Stalking (Total a+b)', 'reported_parent': 2, 'child_sum': 1, 'difference': 1}]",Uttar Pradesh:Chitrakoot,2022,208
Uttar Pradesh,Deoria,2024,74,870,raw/ncrb/3DistrictwiseCrimeagainstWomen2024.xlsx,cf04a114bff10d9b712b326eda40a91eefa46f45aa1de6d8dcd4870d978895fb,[],Uttar Pradesh:Deoria,2022,109
Uttar Pradesh,Etah,2024,334,871,raw/ncrb/3DistrictwiseCrimeagainstWomen2024.xlsx,cf04a114bff10d9b712b326eda40a91eefa46f45aa1de6d8dcd4870d978895fb,[],Uttar Pradesh:Etah,2022,337
Uttar Pradesh,Etawah,2024,346,872,raw/ncrb/3DistrictwiseCrimeagainstWomen2024.xlsx,cf04a114bff10d9b712b326eda40a91eefa46f45aa1de6d8dcd4870d978895fb,"[{'column': 23, 'label': 'Stalking (Total a+b)', 'reported_parent': 2, 'child_sum': 0, 'difference': 2}]",Uttar Pradesh:Etawah,2022,369
Uttar Pradesh,Ayodhya,2024,728,873,raw/ncrb/3DistrictwiseCrimeagainstWomen2024.xlsx,cf04a114bff10d9b712b326eda40a91eefa46f45aa1de6d8dcd4870d978895fb,[],Uttar Pradesh:Ayodhya,2022,797
Uttar Pradesh,Fatehgarh,2024,446,874,raw/ncrb/3DistrictwiseCrimeagainstWomen2024.xlsx,cf04a114bff10d9b712b326eda40a91eefa46f45aa1de6d8dcd4870d978895fb,[],Uttar Pradesh:Fatehgarh,2022,503
Uttar Pradesh,Fatehpur,2024,654,875,raw/ncrb/3DistrictwiseCrimeagainstWomen2024.xlsx,cf04a114bff10d9b712b326eda40a91eefa46f45aa1de6d8dcd4870d978895fb,"[{'column': 23, 'label': 'Stalking (Total a+b)', 'reported_parent': 7, 'child_sum': 4, 'difference': 3}]",Uttar Pradesh:Fatehpur,2022,613
Uttar Pradesh,Firozabad,2024,1270,876,raw/ncrb/3DistrictwiseCrimeagainstWomen2024.xlsx,cf04a114bff10d9b712b326eda40a91eefa46f45aa1de6d8dcd4870d978895fb,"[{'column': 23, 'label': 'Stalking (Total a+b)', 'reported_parent': 7, 'child_sum': 6, 'difference': 1}]",Uttar Pradesh:Firozabad,2022,1823
Uttar Pradesh,Gautambudh Nagar,2024,431,878,raw/ncrb/3DistrictwiseCrimeagainstWomen2024.xlsx,cf04a114bff10d9b712b326eda40a91eefa46f45aa1de6d8dcd4870d978895fb,"[{'column': 23, 'label': 'Stalking (Total a+b)', 'reported_parent': 16, 'child_sum': 8, 'difference': 8}]",Uttar Pradesh:Gautambudh Nagar,2022,940
Uttar Pradesh,Ghaziabad,2024,2399,879,raw/ncrb/3DistrictwiseCrimeagainstWomen2024.xlsx,cf04a114bff10d9b712b326eda40a91eefa46f45aa1de6d8dcd4870d978895fb,"[{'column': 23, 'label': 'Stalking (Total a+b)', 'reported_parent': 34, 'child_sum': 28, 'difference': 6}]",Uttar Pradesh:Ghaziabad,2022,1597
Uttar Pradesh,Ghazipur,2024,800,880,raw/ncrb/3DistrictwiseCrimeagainstWomen2024.xlsx,cf04a114bff10d9b712b326eda40a91eefa46f45aa1de6d8dcd4870d978895fb,"[{'column': 23, 'label': 'Stalking (Total a+b)', 'reported_parent': 5, 'child_sum': 2, 'difference': 3}]",Uttar Pradesh:Ghazipur,2022,840
Uttar Pradesh,Gonda,2024,1790,881,raw/ncrb/3DistrictwiseCrimeagainstWomen2024.xlsx,cf04a114bff10d9b712b326eda40a91eefa46f45aa1de6d8dcd4870d978895fb,"[{'column': 23, 'label': 'Stalking (Total a+b)', 'reported_parent': 3, 'child_sum': 1, 'difference': 2}]",Uttar Pradesh:Gonda,2022,852
Uttar Pradesh,Gorakhpur,2024,1459,882,raw/ncrb/3DistrictwiseCrimeagainstWomen2024.xlsx,cf04a114bff10d9b712b326eda40a91eefa46f45aa1de6d8dcd4870d978895fb,[],Uttar Pradesh:Gorakhpur,2022,1579
Uttar Pradesh,Hamirpur,2024,425,883,raw/ncrb/3DistrictwiseCrimeagainstWomen2024.xlsx,cf04a114bff10d9b712b326eda40a91eefa46f45aa1de6d8dcd4870d978895fb,[],Uttar Pradesh:Hamirpur,2022,414
Uttar Pradesh,Hapur,2024,566,884,raw/ncrb/3DistrictwiseCrimeagainstWomen2024.xlsx,cf04a114bff10d9b712b326eda40a91eefa46f45aa1de6d8dcd4870d978895fb,"[{'column': 23, 'label': 'Stalking (Total a+b)', 'reported_parent': 31, 'child_sum': 12, 'difference': 19}]",Uttar Pradesh:Hapur,2022,699
Uttar Pradesh,Hardoi,2024,1698,885,raw/ncrb/3DistrictwiseCrimeagainstWomen2024.xlsx,cf04a114bff10d9b712b326eda40a91eefa46f45aa1de6d8dcd4870d978895fb,[],Uttar Pradesh:Hardoi,2022,750
Uttar Pradesh,Hathras,2024,714,886,raw/ncrb/3DistrictwiseCrimeagainstWomen2024.xlsx,cf04a114bff10d9b712b326eda40a91eefa46f45aa1de6d8dcd4870d978895fb,"[{'column': 23, 'label': 'Stalking (Total a+b)', 'reported_parent': 6, 'child_sum': 3, 'difference': 3}]",Uttar Pradesh:Hathras,2022,630
Uttar Pradesh,Jalaun,2024,358,887,raw/ncrb/3DistrictwiseCrimeagainstWomen2024.xlsx,cf04a114bff10d9b712b326eda40a91eefa46f45aa1de6d8dcd4870d978895fb,[],Uttar Pradesh:Jalaun,2022,367
Uttar Pradesh,Jaunpur,2024,899,888,raw/ncrb/3DistrictwiseCrimeagainstWomen2024.xlsx,cf04a114bff10d9b712b326eda40a91eefa46f45aa1de6d8dcd4870d978895fb,"[{'column': 23, 'label': 'Stalking (Total a+b)', 'reported_parent': 8, 'child_sum': 6, 'difference': 2}]",Uttar Pradesh:Jaunpur,2022,877
Uttar Pradesh,Jhansi,2024,647,889,raw/ncrb/3DistrictwiseCrimeagainstWomen2024.xlsx,cf04a114bff10d9b712b326eda40a91eefa46f45aa1de6d8dcd4870d978895fb,[],Uttar Pradesh:Jhansi,2022,605
Uttar Pradesh,Kannauj,2024,885,890,raw/ncrb/3DistrictwiseCrimeagainstWomen2024.xlsx,cf04a114bff10d9b712b326eda40a91eefa46f45aa1de6d8dcd4870d978895fb,"[{'column': 23, 'label': 'Stalking (Total a+b)', 'reported_parent': 5, 'child_sum': 4, 'difference': 1}]",Uttar Pradesh:Kannauj,2022,1086
Uttar Pradesh,Kanpur Dehat,2024,582,891,raw/ncrb/3DistrictwiseCrimeagainstWomen2024.xlsx,cf04a114bff10d9b712b326eda40a91eefa46f45aa1de6d8dcd4870d978895fb,[],Uttar Pradesh:Kanpur Dehat,2022,661
Uttar Pradesh,Kasganj,2024,748,893,raw/ncrb/3DistrictwiseCrimeagainstWomen2024.xlsx,cf04a114bff10d9b712b326eda40a91eefa46f45aa1de6d8dcd4870d978895fb,"[{'column': 23, 'label': 'Stalking (Total a+b)', 'reported_parent': 5, 'child_sum': 3, 'difference': 2}]",Uttar Pradesh:Kasganj,2022,646
Uttar Pradesh,Kaushambi,2024,418,894,raw/ncrb/3DistrictwiseCrimeagainstWomen2024.xlsx,cf04a114bff10d9b712b326eda40a91eefa46f45aa1de6d8dcd4870d978895fb,"[{'column': 23, 'label': 'Stalking (Total a+b)', 'reported_parent': 5, 'child_sum': 2, 'difference': 3}]",Uttar Pradesh:Kaushambi,2022,392
Uttar Pradesh,Khiri,2024,941,895,raw/ncrb/3DistrictwiseCrimeagainstWomen2024.xlsx,cf04a114bff10d9b712b326eda40a91eefa46f45aa1de6d8dcd4870d978895fb,[],Uttar Pradesh:Khiri,2022,829
Uttar Pradesh,Kushi Nagar,2024,983,896,raw/ncrb/3DistrictwiseCrimeagainstWomen2024.xlsx,cf04a114bff10d9b712b326eda40a91eefa46f45aa1de6d8dcd4870d978895fb,"[{'column': 23, 'label': 'Stalking (Total a+b)', 'reported_parent': 4, 'child_sum': 0, 'difference': 4}]",Uttar Pradesh:Kushi Nagar,2022,764
Uttar Pradesh,Lalitpur,2024,126,897,raw/ncrb/3DistrictwiseCrimeagainstWomen2024.xlsx,cf04a114bff10d9b712b326eda40a91eefa46f45aa1de6d8dcd4870d978895fb,[],Uttar Pradesh:Lalitpur,2022,212
Uttar Pradesh,Maharajganj,2024,494,899,raw/ncrb/3DistrictwiseCrimeagainstWomen2024.xlsx,cf04a114bff10d9b712b326eda40a91eefa46f45aa1de6d8dcd4870d978895fb,[],Uttar Pradesh:Maharajganj,2022,329
Uttar Pradesh,Mahoba,2024,332,900,raw/ncrb/3DistrictwiseCrimeagainstWomen2024.xlsx,cf04a114bff10d9b712b326eda40a91eefa46f45aa1de6d8dcd4870d978895fb,"[{'column': 23, 'label': 'Stalking (Total a+b)', 'reported_parent': 2, 'child_sum': 1, 'difference': 1}]",Uttar Pradesh:Mahoba,2022,213
Uttar Pradesh,Mainpuri,2024,683,901,raw/ncrb/3DistrictwiseCrimeagainstWomen2024.xlsx,cf04a114bff10d9b712b326eda40a91eefa46f45aa1de6d8dcd4870d978895fb,[],Uttar Pradesh:Mainpuri,2022,691
Uttar Pradesh,Mathura,2024,1099,902,raw/ncrb/3DistrictwiseCrimeagainstWomen2024.xlsx,cf04a114bff10d9b712b326eda40a91eefa46f45aa1de6d8dcd4870d978895fb,"[{'column': 23, 'label': 'Stalking (Total a+b)', 'reported_parent': 4, 'child_sum': 3, 'difference': 1}]",Uttar Pradesh:Mathura,2022,1436
Uttar Pradesh,Mau,2024,556,903,raw/ncrb/3DistrictwiseCrimeagainstWomen2024.xlsx,cf04a114bff10d9b712b326eda40a91eefa46f45aa1de6d8dcd4870d978895fb,"[{'column': 23, 'label': 'Stalking (Total a+b)', 'reported_parent': 1, 'child_sum': 0, 'difference': 1}]",Uttar Pradesh:Mau,2022,706
Uttar Pradesh,Meerut,2024,1557,904,raw/ncrb/3DistrictwiseCrimeagainstWomen2024.xlsx,cf04a114bff10d9b712b326eda40a91eefa46f45aa1de6d8dcd4870d978895fb,"[{'column': 23, 'label': 'Stalking (Total a+b)', 'reported_parent': 13, 'child_sum': 8, 'difference': 5}]",Uttar Pradesh:Meerut,2022,1597
Uttar Pradesh,Mirzapur,2024,321,905,raw/ncrb/3DistrictwiseCrimeagainstWomen2024.xlsx,cf04a114bff10d9b712b326eda40a91eefa46f45aa1de6d8dcd4870d978895fb,[],Uttar Pradesh:Mirzapur,2022,310
Uttar Pradesh,Moradabad,2024,1033,906,raw/ncrb/3DistrictwiseCrimeagainstWomen2024.xlsx,cf04a114bff10d9b712b326eda40a91eefa46f45aa1de6d8dcd4870d978895fb,[],Uttar Pradesh:Moradabad,2022,766
Uttar Pradesh,Muzaffarnagar,2024,766,907,raw/ncrb/3DistrictwiseCrimeagainstWomen2024.xlsx,cf04a114bff10d9b712b326eda40a91eefa46f45aa1de6d8dcd4870d978895fb,"[{'column': 23, 'label': 'Stalking (Total a+b)', 'reported_parent': 7, 'child_sum': 4, 'difference': 3}]",Uttar Pradesh:Muzaffarnagar,2022,562
Uttar Pradesh,Pilibhit,2024,1388,908,raw/ncrb/3DistrictwiseCrimeagainstWomen2024.xlsx,cf04a114bff10d9b712b326eda40a91eefa46f45aa1de6d8dcd4870d978895fb,"[{'column': 23, 'label': 'Stalking (Total a+b)', 'reported_parent': 3, 'child_sum': 1, 'difference': 2}]",Uttar Pradesh:Pilibhit,2022,1278
Uttar Pradesh,Pratapgarh,2024,831,909,raw/ncrb/3DistrictwiseCrimeagainstWomen2024.xlsx,cf04a114bff10d9b712b326eda40a91eefa46f45aa1de6d8dcd4870d978895fb,[],Uttar Pradesh:Pratapgarh,2022,1147
Uttar Pradesh,Raibareilly,2024,647,910,raw/ncrb/3DistrictwiseCrimeagainstWomen2024.xlsx,cf04a114bff10d9b712b326eda40a91eefa46f45aa1de6d8dcd4870d978895fb,[],Uttar Pradesh:Raibareilly,2022,662
Uttar Pradesh,Rampur,2024,979,911,raw/ncrb/3DistrictwiseCrimeagainstWomen2024.xlsx,cf04a114bff10d9b712b326eda40a91eefa46f45aa1de6d8dcd4870d978895fb,"[{'column': 23, 'label': 'Stalking (Total a+b)', 'reported_parent': 2, 'child_sum': 0, 'difference': 2}]",Uttar Pradesh:Rampur,2022,925
Uttar Pradesh,Saharanpur,2024,929,912,raw/ncrb/3DistrictwiseCrimeagainstWomen2024.xlsx,cf04a114bff10d9b712b326eda40a91eefa46f45aa1de6d8dcd4870d978895fb,"[{'column': 23, 'label': 'Stalking (Total a+b)', 'reported_parent': 7, 'child_sum': 3, 'difference': 4}]",Uttar Pradesh:Saharanpur,2022,883
Uttar Pradesh,Sambhal,2024,759,913,raw/ncrb/3DistrictwiseCrimeagainstWomen2024.xlsx,cf04a114bff10d9b712b326eda40a91eefa46f45aa1de6d8dcd4870d978895fb,"[{'column': 23, 'label': 'Stalking (Total a+b)', 'reported_parent': 4, 'child_sum': 0, 'difference': 4}]",Uttar Pradesh:Sambhal,2022,749
Uttar Pradesh,Sant Kabirnagar,2024,383,914,raw/ncrb/3DistrictwiseCrimeagainstWomen2024.xlsx,cf04a114bff10d9b712b326eda40a91eefa46f45aa1de6d8dcd4870d978895fb,[],Uttar Pradesh:Sant Kabirnagar,2022,434
Uttar Pradesh,Shahjahanpur,2024,683,915,raw/ncrb/3DistrictwiseCrimeagainstWomen2024.xlsx,cf04a114bff10d9b712b326eda40a91eefa46f45aa1de6d8dcd4870d978895fb,[],Uttar Pradesh:Shahjahanpur,2022,759
Uttar Pradesh,Shamli,2024,414,916,raw/ncrb/3DistrictwiseCrimeagainstWomen2024.xlsx,cf04a114bff10d9b712b326eda40a91eefa46f45aa1de6d8dcd4870d978895fb,"[{'column': 23, 'label': 'Stalking (Total a+b)', 'reported_parent': 6, 'child_sum': 5, 'difference': 1}]",Uttar Pradesh:Shamli,2022,582
Uttar Pradesh,Shrawasti,2024,368,917,raw/ncrb/3DistrictwiseCrimeagainstWomen2024.xlsx,cf04a114bff10d9b712b326eda40a91eefa46f45aa1de6d8dcd4870d978895fb,[],Uttar Pradesh:Shrawasti,2022,432
Uttar Pradesh,Sidharthnagar,2024,562,918,raw/ncrb/3DistrictwiseCrimeagainstWomen2024.xlsx,cf04a114bff10d9b712b326eda40a91eefa46f45aa1de6d8dcd4870d978895fb,"[{'column': 23, 'label': 'Stalking (Total a+b)', 'reported_parent': 0, 'child_sum': 1, 'difference': -1}]",Uttar Pradesh:Sidharthnagar,2022,531
Uttar Pradesh,Sitapur,2024,1315,919,raw/ncrb/3DistrictwiseCrimeagainstWomen2024.xlsx,cf04a114bff10d9b712b326eda40a91eefa46f45aa1de6d8dcd4870d978895fb,[],Uttar Pradesh:Sitapur,2022,971
Uttar Pradesh,Sonbhadra,2024,564,920,raw/ncrb/3DistrictwiseCrimeagainstWomen2024.xlsx,cf04a114bff10d9b712b326eda40a91eefa46f45aa1de6d8dcd4870d978895fb,[],Uttar Pradesh:Sonbhadra,2022,466
Uttar Pradesh,Bhadohi,2024,297,921,raw/ncrb/3DistrictwiseCrimeagainstWomen2024.xlsx,cf04a114bff10d9b712b326eda40a91eefa46f45aa1de6d8dcd4870d978895fb,"[{'column': 23, 'label': 'Stalking (Total a+b)', 'reported_parent': 2, 'child_sum': 0, 'difference': 2}]",Uttar Pradesh:Bhadohi,2022,309
Uttar Pradesh,Sultanpur,2024,1065,922,raw/ncrb/3DistrictwiseCrimeagainstWomen2024.xlsx,cf04a114bff10d9b712b326eda40a91eefa46f45aa1de6d8dcd4870d978895fb,"[{'column': 23, 'label': 'Stalking (Total a+b)', 'reported_parent': 1, 'child_sum': 0, 'difference': 1}]",Uttar Pradesh:Sultanpur,2022,1041
Uttar Pradesh,Unnao,2024,1174,923,raw/ncrb/3DistrictwiseCrimeagainstWomen2024.xlsx,cf04a114bff10d9b712b326eda40a91eefa46f45aa1de6d8dcd4870d978895fb,[],Uttar Pradesh:Unnao,2022,883
Delhi,Central,2024,541,1010,raw/ncrb/3DistrictwiseCrimeagainstWomen2024.xlsx,cf04a114bff10d9b712b326eda40a91eefa46f45aa1de6d8dcd4870d978895fb,"[{'column': 23, 'label': 'Stalking (Total a+b)', 'reported_parent': 7, 'child_sum': 4, 'difference': 3}]",Delhi:Central,2022,625
Delhi,East,2024,766,1012,raw/ncrb/3DistrictwiseCrimeagainstWomen2024.xlsx,cf04a114bff10d9b712b326eda40a91eefa46f45aa1de6d8dcd4870d978895fb,"[{'column': 23, 'label': 'Stalking (Total a+b)', 'reported_parent': 3, 'child_sum': 1, 'difference': 2}]",Delhi:East,2022,840
Delhi,New Delhi,2024,98,1016,raw/ncrb/3DistrictwiseCrimeagainstWomen2024.xlsx,cf04a114bff10d9b712b326eda40a91eefa46f45aa1de6d8dcd4870d978895fb,"[{'column': 23, 'label': 'Stalking (Total a+b)', 'reported_parent': 7, 'child_sum': 5, 'difference': 2}]",Delhi:New Delhi,2022,103
Delhi,North,2024,621,1017,raw/ncrb/3DistrictwiseCrimeagainstWomen2024.xlsx,cf04a114bff10d9b712b326eda40a91eefa46f45aa1de6d8dcd4870d978895fb,"[{'column': 23, 'label': 'Stalking (Total a+b)', 'reported_parent': 5, 'child_sum': 3, 'difference': 2}]",Delhi:North,2022,734
Delhi,North-East,2024,1145,1018,raw/ncrb/3DistrictwiseCrimeagainstWomen2024.xlsx,cf04a114bff10d9b712b326eda40a91eefa46f45aa1de6d8dcd4870d978895fb,"[{'column': 23, 'label': 'Stalking (Total a+b)', 'reported_parent': 18, 'child_sum': 11, 'difference': 7}]",Delhi:North East,2022,1156
Delhi,North-West,2024,748,1019,raw/ncrb/3DistrictwiseCrimeagainstWomen2024.xlsx,cf04a114bff10d9b712b326eda40a91eefa46f45aa1de6d8dcd4870d978895fb,"[{'column': 23, 'label': 'Stalking (Total a+b)', 'reported_parent': 13, 'child_sum': 6, 'difference': 7}]",Delhi:North West,2022,786
Delhi,Outer,2024,1179,1020,raw/ncrb/3DistrictwiseCrimeagainstWomen2024.xlsx,cf04a114bff10d9b712b326eda40a91eefa46f45aa1de6d8dcd4870d978895fb,"[{'column': 23, 'label': 'Stalking (Total a+b)', 'reported_parent': 10, 'child_sum': 3, 'difference': 7}]",Delhi:Outer,2022,1054
Delhi,South,2024,1227,1022,raw/ncrb/3DistrictwiseCrimeagainstWomen2024.xlsx,cf04a114bff10d9b712b326eda40a91eefa46f45aa1de6d8dcd4870d978895fb,"[{'column': 23, 'label': 'Stalking (Total a+b)', 'reported_parent': 23, 'child_sum': 11, 'difference': 12}]",Delhi:South,2022,1253
Delhi,South-East,2024,1280,1023,raw/ncrb/3DistrictwiseCrimeagainstWomen2024.xlsx,cf04a114bff10d9b712b326eda40a91eefa46f45aa1de6d8dcd4870d978895fb,"[{'column': 23, 'label': 'Stalking (Total a+b)', 'reported_parent': 20, 'child_sum': 6, 'difference': 14}]",Delhi:South East,2022,1284
Delhi,South-West,2024,716,1024,raw/ncrb/3DistrictwiseCrimeagainstWomen2024.xlsx,cf04a114bff10d9b712b326eda40a91eefa46f45aa1de6d8dcd4870d978895fb,"[{'column': 23, 'label': 'Stalking (Total a+b)', 'reported_parent': 14, 'child_sum': 9, 'difference': 5}]",Delhi:South West,2022,790
Delhi,West,2024,825,1028,raw/ncrb/3DistrictwiseCrimeagainstWomen2024.xlsx,cf04a114bff10d9b712b326eda40a91eefa46f45aa1de6d8dcd4870d978895fb,"[{'column': 23, 'label': 'Stalking (Total a+b)', 'reported_parent': 11, 'child_sum': 7, 'difference': 4}]",Delhi:West,2022,957
Delhi,Rohini,2024,883,1029,raw/ncrb/3DistrictwiseCrimeagainstWomen2024.xlsx,cf04a114bff10d9b712b326eda40a91eefa46f45aa1de6d8dcd4870d978895fb,"[{'column': 23, 'label': 'Stalking (Total a+b)', 'reported_parent': 6, 'child_sum': 2, 'difference': 4}]",Delhi:Rohini,2022,1109
Delhi,Shahdara,2024,808,1030,raw/ncrb/3DistrictwiseCrimeagainstWomen2024.xlsx,cf04a114bff10d9b712b326eda40a91eefa46f45aa1de6d8dcd4870d978895fb,"[{'column': 23, 'label': 'Stalking (Total a+b)', 'reported_parent': 15, 'child_sum': 6, 'difference': 9}]",Delhi:Shahdara,2022,850
Delhi,Dwarka,2024,1177,1031,raw/ncrb/3DistrictwiseCrimeagainstWomen2024.xlsx,cf04a114bff10d9b712b326eda40a91eefa46f45aa1de6d8dcd4870d978895fb,"[{'column': 23, 'label': 'Stalking (Total a+b)', 'reported_parent': 12, 'child_sum': 0, 'difference': 12}]",Delhi:Dwarka,2022,1411
Delhi,Outer North,2024,1216,1032,raw/ncrb/3DistrictwiseCrimeagainstWomen2024.xlsx,cf04a114bff10d9b712b326eda40a91eefa46f45aa1de6d8dcd4870d978895fb,"[{'column': 23, 'label': 'Stalking (Total a+b)', 'reported_parent': 11, 'child_sum': 2, 'difference': 9}]",Delhi:Outer North,2022,1167
