state,source_name,year,count,source_row,source_path,source_sha256,category_mismatches,unit,city,unit_id
Haryana,Faridabad,2022,1317,260,raw/ncrb/17016840143DistrictwiseCrimeagainstWomen2022.xlsx,cf2f2ed9c033559eeb1d0d0edc09b4e13e3b129bb69c30cd1d861a1ca33d917c,[],Faridabad,faridabad,faridabad:Faridabad
Haryana,Gurugram,2022,1360,263,raw/ncrb/17016840143DistrictwiseCrimeagainstWomen2022.xlsx,cf2f2ed9c033559eeb1d0d0edc09b4e13e3b129bb69c30cd1d861a1ca33d917c,[],Gurugram,gurugram,gurugram:Gurugram
Uttar Pradesh,Gautambudh Nagar,2022,940,844,raw/ncrb/17016840143DistrictwiseCrimeagainstWomen2022.xlsx,cf2f2ed9c033559eeb1d0d0edc09b4e13e3b129bb69c30cd1d861a1ca33d917c,[],Gautambudh Nagar,gautam-buddh-nagar,gautam-buddh-nagar:Gautambudh Nagar
Uttar Pradesh,Ghaziabad,2022,1597,845,raw/ncrb/17016840143DistrictwiseCrimeagainstWomen2022.xlsx,cf2f2ed9c033559eeb1d0d0edc09b4e13e3b129bb69c30cd1d861a1ca33d917c,[],Ghaziabad,ghaziabad,ghaziabad:Ghaziabad
Delhi,Central,2022,625,979,raw/ncrb/17016840143DistrictwiseCrimeagainstWomen2022.xlsx,cf2f2ed9c033559eeb1d0d0edc09b4e13e3b129bb69c30cd1d861a1ca33d917c,[],Central,delhi,delhi:Central
Delhi,East,2022,840,981,raw/ncrb/17016840143DistrictwiseCrimeagainstWomen2022.xlsx,cf2f2ed9c033559eeb1d0d0edc09b4e13e3b129bb69c30cd1d861a1ca33d917c,[],East,delhi,delhi:East
Delhi,New Delhi,2022,103,985,raw/ncrb/17016840143DistrictwiseCrimeagainstWomen2022.xlsx,cf2f2ed9c033559eeb1d0d0edc09b4e13e3b129bb69c30cd1d861a1ca33d917c,[],New Delhi,delhi,delhi:New Delhi
Delhi,North,2022,734,986,raw/ncrb/17016840143DistrictwiseCrimeagainstWomen2022.xlsx,cf2f2ed9c033559eeb1d0d0edc09b4e13e3b129bb69c30cd1d861a1ca33d917c,[],North,delhi,delhi:North
Delhi,North-East,2022,1156,987,raw/ncrb/17016840143DistrictwiseCrimeagainstWomen2022.xlsx,cf2f2ed9c033559eeb1d0d0edc09b4e13e3b129bb69c30cd1d861a1ca33d917c,[],North-East,delhi,delhi:North-East
Delhi,North-West,2022,786,988,raw/ncrb/17016840143DistrictwiseCrimeagainstWomen2022.xlsx,cf2f2ed9c033559eeb1d0d0edc09b4e13e3b129bb69c30cd1d861a1ca33d917c,[],North-West,delhi,delhi:North-West
Delhi,Outer,2022,1054,989,raw/ncrb/17016840143DistrictwiseCrimeagainstWomen2022.xlsx,cf2f2ed9c033559eeb1d0d0edc09b4e13e3b129bb69c30cd1d861a1ca33d917c,[],Outer,delhi,delhi:Outer
Delhi,South,2022,1253,991,raw/ncrb/17016840143DistrictwiseCrimeagainstWomen2022.xlsx,cf2f2ed9c033559eeb1d0d0edc09b4e13e3b129bb69c30cd1d861a1ca33d917c,[],South,delhi,delhi:South
Delhi,South-East,2022,1284,992,raw/ncrb/17016840143DistrictwiseCrimeagainstWomen2022.xlsx,cf2f2ed9c033559eeb1d0d0edc09b4e13e3b129bb69c30cd1d861a1ca33d917c,[],South-East,delhi,delhi:South-East
Delhi,South-West,2022,790,993,raw/ncrb/17016840143DistrictwiseCrimeagainstWomen2022.xlsx,cf2f2ed9c033559eeb1d0d0edc09b4e13e3b129bb69c30cd1d861a1ca33d917c,[],South-West,delhi,delhi:South-West
Delhi,West,2022,957,997,raw/ncrb/17016840143DistrictwiseCrimeagainstWomen2022.xlsx,cf2f2ed9c033559eeb1d0d0edc09b4e13e3b129bb69c30cd1d861a1ca33d917c,[],West,delhi,delhi:West
Delhi,Rohini,2022,1109,998,raw/ncrb/17016840143DistrictwiseCrimeagainstWomen2022.xlsx,cf2f2ed9c033559eeb1d0d0edc09b4e13e3b129bb69c30cd1d861a1ca33d917c,[],Rohini,delhi,delhi:Rohini
Delhi,Shahdara,2022,850,999,raw/ncrb/17016840143DistrictwiseCrimeagainstWomen2022.xlsx,cf2f2ed9c033559eeb1d0d0edc09b4e13e3b129bb69c30cd1d861a1ca33d917c,[],Shahdara,delhi,delhi:Shahdara
Delhi,Dwarka,2022,1411,1000,raw/ncrb/17016840143DistrictwiseCrimeagainstWomen2022.xlsx,cf2f2ed9c033559eeb1d0d0edc09b4e13e3b129bb69c30cd1d861a1ca33d917c,[],Dwarka,delhi,delhi:Dwarka
Delhi,Outer North,2022,1167,1001,raw/ncrb/17016840143DistrictwiseCrimeagainstWomen2022.xlsx,cf2f2ed9c033559eeb1d0d0edc09b4e13e3b129bb69c30cd1d861a1ca33d917c,[],Outer North,delhi,delhi:Outer North
Haryana,Faridabad,2024,1341,261,raw/ncrb/3DistrictwiseCrimeagainstWomen2024.xlsx,cf04a114bff10d9b712b326eda40a91eefa46f45aa1de6d8dcd4870d978895fb,"[{'column': 23, 'label': 'Stalking (Total a+b)', 'reported_parent': 15, 'child_sum': 5, 'difference': 10}]",Faridabad,faridabad,faridabad:Faridabad
Haryana,Gurugram,2024,1377,264,raw/ncrb/3DistrictwiseCrimeagainstWomen2024.xlsx,cf04a114bff10d9b712b326eda40a91eefa46f45aa1de6d8dcd4870d978895fb,"[{'column': 23, 'label': 'Stalking (Total a+b)', 'reported_parent': 41, 'child_sum': 20, 'difference': 21}]",Gurugram,gurugram,gurugram:Gurugram
Uttar Pradesh,Gautambudh Nagar,2024,431,878,raw/ncrb/3DistrictwiseCrimeagainstWomen2024.xlsx,cf04a114bff10d9b712b326eda40a91eefa46f45aa1de6d8dcd4870d978895fb,"[{'column': 23, 'label': 'Stalking (Total a+b)', 'reported_parent': 16, 'child_sum': 8, 'difference': 8}]",Gautambudh Nagar,gautam-buddh-nagar,gautam-buddh-nagar:Gautambudh Nagar
Uttar Pradesh,Ghaziabad,2024,2399,879,raw/ncrb/3DistrictwiseCrimeagainstWomen2024.xlsx,cf04a114bff10d9b712b326eda40a91eefa46f45aa1de6d8dcd4870d978895fb,"[{'column': 23, 'label': 'Stalking (Total a+b)', 'reported_parent': 34, 'child_sum': 28, 'difference': 6}]",Ghaziabad,ghaziabad,ghaziabad:Ghaziabad
Delhi,Central,2024,541,1010,raw/ncrb/3DistrictwiseCrimeagainstWomen2024.xlsx,cf04a114bff10d9b712b326eda40a91eefa46f45aa1de6d8dcd4870d978895fb,"[{'column': 23, 'label': 'Stalking (Total a+b)', 'reported_parent': 7, 'child_sum': 4, 'difference': 3}]",Central,delhi,delhi:Central
Delhi,East,2024,766,1012,raw/ncrb/3DistrictwiseCrimeagainstWomen2024.xlsx,cf04a114bff10d9b712b326eda40a91eefa46f45aa1de6d8dcd4870d978895fb,"[{'column': 23, 'label': 'Stalking (Total a+b)', 'reported_parent': 3, 'child_sum': 1, 'difference': 2}]",East,delhi,delhi:East
Delhi,New Delhi,2024,98,1016,raw/ncrb/3DistrictwiseCrimeagainstWomen2024.xlsx,cf04a114bff10d9b712b326eda40a91eefa46f45aa1de6d8dcd4870d978895fb,"[{'column': 23, 'label': 'Stalking (Total a+b)', 'reported_parent': 7, 'child_sum': 5, 'difference': 2}]",New Delhi,delhi,delhi:New Delhi
Delhi,North,2024,621,1017,raw/ncrb/3DistrictwiseCrimeagainstWomen2024.xlsx,cf04a114bff10d9b712b326eda40a91eefa46f45aa1de6d8dcd4870d978895fb,"[{'column': 23, 'label': 'Stalking (Total a+b)', 'reported_parent': 5, 'child_sum': 3, 'difference': 2}]",North,delhi,delhi:North
Delhi,North-East,2024,1145,1018,raw/ncrb/3DistrictwiseCrimeagainstWomen2024.xlsx,cf04a114bff10d9b712b326eda40a91eefa46f45aa1de6d8dcd4870d978895fb,"[{'column': 23, 'label': 'Stalking (Total a+b)', 'reported_parent': 18, 'child_sum': 11, 'difference': 7}]",North-East,delhi,delhi:North-East
Delhi,North-West,2024,748,1019,raw/ncrb/3DistrictwiseCrimeagainstWomen2024.xlsx,cf04a114bff10d9b712b326eda40a91eefa46f45aa1de6d8dcd4870d978895fb,"[{'column': 23, 'label': 'Stalking (Total a+b)', 'reported_parent': 13, 'child_sum': 6, 'difference': 7}]",North-West,delhi,delhi:North-West
Delhi,Outer,2024,1179,1020,raw/ncrb/3DistrictwiseCrimeagainstWomen2024.xlsx,cf04a114bff10d9b712b326eda40a91eefa46f45aa1de6d8dcd4870d978895fb,"[{'column': 23, 'label': 'Stalking (Total a+b)', 'reported_parent': 10, 'child_sum': 3, 'difference': 7}]",Outer,delhi,delhi:Outer
Delhi,South,2024,1227,1022,raw/ncrb/3DistrictwiseCrimeagainstWomen2024.xlsx,cf04a114bff10d9b712b326eda40a91eefa46f45aa1de6d8dcd4870d978895fb,"[{'column': 23, 'label': 'Stalking (Total a+b)', 'reported_parent': 23, 'child_sum': 11, 'difference': 12}]",South,delhi,delhi:South
Delhi,South-East,2024,1280,1023,raw/ncrb/3DistrictwiseCrimeagainstWomen2024.xlsx,cf04a114bff10d9b712b326eda40a91eefa46f45aa1de6d8dcd4870d978895fb,"[{'column': 23, 'label': 'Stalking (Total a+b)', 'reported_parent': 20, 'child_sum': 6, 'difference': 14}]",South-East,delhi,delhi:South-East
Delhi,South-West,2024,716,1024,raw/ncrb/3DistrictwiseCrimeagainstWomen2024.xlsx,cf04a114bff10d9b712b326eda40a91eefa46f45aa1de6d8dcd4870d978895fb,"[{'column': 23, 'label': 'Stalking (Total a+b)', 'reported_parent': 14, 'child_sum': 9, 'difference': 5}]",South-West,delhi,delhi:South-West
Delhi,West,2024,825,1028,raw/ncrb/3DistrictwiseCrimeagainstWomen2024.xlsx,cf04a114bff10d9b712b326eda40a91eefa46f45aa1de6d8dcd4870d978895fb,"[{'column': 23, 'label': 'Stalking (Total a+b)', 'reported_parent': 11, 'child_sum': 7, 'difference': 4}]",West,delhi,delhi:West
Delhi,Rohini,2024,883,1029,raw/ncrb/3DistrictwiseCrimeagainstWomen2024.xlsx,cf04a114bff10d9b712b326eda40a91eefa46f45aa1de6d8dcd4870d978895fb,"[{'column': 23, 'label': 'Stalking (Total a+b)', 'reported_parent': 6, 'child_sum': 2, 'difference': 4}]",Rohini,delhi,delhi:Rohini
Delhi,Shahdara,2024,808,1030,raw/ncrb/3DistrictwiseCrimeagainstWomen2024.xlsx,cf04a114bff10d9b712b326eda40a91eefa46f45aa1de6d8dcd4870d978895fb,"[{'column': 23, 'label': 'Stalking (Total a+b)', 'reported_parent': 15, 'child_sum': 6, 'difference': 9}]",Shahdara,delhi,delhi:Shahdara
Delhi,Dwarka,2024,1177,1031,raw/ncrb/3DistrictwiseCrimeagainstWomen2024.xlsx,cf04a114bff10d9b712b326eda40a91eefa46f45aa1de6d8dcd4870d978895fb,"[{'column': 23, 'label': 'Stalking (Total a+b)', 'reported_parent': 12, 'child_sum': 0, 'difference': 12}]",Dwarka,delhi,delhi:Dwarka
Delhi,Outer North,2024,1216,1032,raw/ncrb/3DistrictwiseCrimeagainstWomen2024.xlsx,cf04a114bff10d9b712b326eda40a91eefa46f45aa1de6d8dcd4870d978895fb,"[{'column': 23, 'label': 'Stalking (Total a+b)', 'reported_parent': 11, 'child_sum': 2, 'difference': 9}]",Outer North,delhi,delhi:Outer North
