path,source_url,download_url,retrieval_date,observed_local_date,sha256,licence,status,usage
raw/ncrb/17016840143DistrictwiseCrimeagainstWomen2022.xlsx,,,,2026-10-01,cf2f2ed9c033559eeb1d0d0edc09b4e13e3b129bb69c30cd1d861a1ca33d917c,NCRB government publication; redistribution terms not verified for these supplied workbooks,existing_local_original_receipt_missing,"counts-v1 labels, header/source-total checked"
raw/ncrb/3DistrictwiseCrimeagainstWomen2024.xlsx,,,,2026-10-01,cf04a114bff10d9b712b326eda40a91eefa46f45aa1de6d8dcd4870d978895fb,NCRB government publication; redistribution terms not verified for these supplied workbooks,existing_local_original_receipt_missing,"counts-v1 labels, header/source-total checked"
raw/opencity/metros-2022.csv,https://data.opencity.in/dataset/crime-in-india-2022/resource/a4496020-4d71-4533-9041-d18e3bedb911,,2026-09-30,,93a7596163c46f6acf303905f6b9cbb251d7e2f7eb6a0d228db67d82f72cb162,"Other (Public Domain), OpenCity resource metadata; credit NCRB and OpenCity",existing_audited_input,inspected; not counts-v1 model labels or matched context
raw/datameet/Delhi_Wards.geojson,https://github.com/datameet/Municipal_Spatial_Data/tree/master/Delhi,,2026-09-30,,f331e967962383127eae891c01ed3f3762f2b029feb892641f2466787b3bed55,CC BY-SA 2.5 India,existing_audited_input,inspected; not counts-v1 model labels or matched context
raw/osm/help-2026-09-29.geojson,https://overpass-api.de/api/interpreter,,2026-09-29,,2ca3cf4fe30b4d214d78010a4ea2816851e130be94ad93ff24bc3cc66dce7048,ODbL 1.0; OpenStreetMap contributors,existing_audited_input,inspected; not counts-v1 model labels or matched context
raw/census/DDW_PCA0706_2011_MDDS with UI.xlsx,https://censusindia.gov.in/nada/index.php/catalog/6286/study-description,,2026-09-30,,246efe27f565776816610095baa8fd2586f4665122e9ec8ac87d778972f06e9e,ORGI public government population table; source attribution retained; no additional open-licence claim,existing_audited_input,inspected; not counts-v1 model labels or matched context
raw/osm/delhi-boundary-1942586.json,https://www.openstreetmap.org/relation/1942586,,2026-09-30,,1d6df2cf5cd50e0b61e6cf61964bb003de42a4d34450dd929c8c914f47a96e0d,ODbL 1.0; OpenStreetMap contributors,existing_audited_input,inspected; not counts-v1 model labels or matched context
raw/ncrb/vol1-crimeinindia2024.pdf,https://data.opencity.in/dataset/crime-in-india-2024/resource/46f760f4-dcf4-4f95-85c9-2225e2f7bbe8,https://data.opencity.in/dataset/7d883875-921a-4820-b298-713c6219bd90/resource/46f760f4-dcf4-4f95-85c9-2225e2f7bbe8/download/vol1-crimeinindia2024.pdf,2026-10-01T10:29:52.292112+00:00,,75b827bdcfcd5e641984d7fb549aaa2f3cdf030caace2d93853e450ee236bb4c,OpenCity catalog: Other (Public Domain); original NCRB government publication,previous_automatic_download,"independent state/UT total reconciliation, Table 3A.1"
raw/ncrb/cii-2021-volume-1.pdf,https://data.opencity.in/dataset/national-crime-data-2021,https://data.opencity.in/dataset/09182f51-d3da-4aa6-b4fe-2b9f636e39d8/resource/b3bbdf99-4679-444c-9d49-880f509141e1/download/cii_2021volume-1.pdf,,,,"Government publication; OpenCity 2021 catalogue declares Other (Public Domain), but exact resource metadata was not reachable (403); review before redistribution",unavailable_HTTP_404,Earlier-year original-report discovery; no file retrieved or labels added
,https://yuva.delhipolice.gov.in/contact-us.html,,,2026-10-01,,Public government directory; open licence not asserted,web_page_review_no_file_download,Public station/locality facts only; approximate district references; not historical boundaries
,https://livingatlas.esri.in/server1/rest/services/NCRB/District_Wise_Crime_Against_Women_2022/MapServer/0,,,2026-10-02,,Unverified; not imported,web_metadata_review_no_file_download,Excluded candidate: police reporting-unit correspondence and reuse not verified
,https://gurugram.gov.in/,,,2026-10-02,,Public government directory; open licence not asserted,web_page_review_no_file_download,Approximate public-place locality context only; no 2024 police boundary
,https://faridabad.nic.in/public-utility/police-station-nit-faridabad/,,,2026-10-02,,Public government directory; open licence not asserted,web_page_review_no_file_download,NIT locality context; chowki reference not asserted identical to full station
,https://gbnagar.nic.in/contact-us/,,,2026-10-02,,Public government directory; open licence not asserted,web_page_review_no_file_download,Noida locality context; GBN retained as one reporting unit
,https://ghaziabad.nic.in/en/police/,,,2026-10-02,,Public government directory; open licence not asserted,web_page_review_no_file_download,Sahibabad station/locality context only; no verified police polygon
,https://overpass-api.de/api/interpreter,,,,,ODbL-1.0,blocked_robots_policy,Emergency refresh blocked before data query; receipt sources/ncr-emergency-2026-10-02.json; existing OSM snapshot reused
,https://dmsouthwest.delhi.gov.in/jurisdiction-maps-of-district/,,,,,Government website; reuse unverified,blocked_unreadable_robots_policy,Web reader shows three police-district headings; HTML acquisition failed; no geometry imported
delhi_neighbour.csv,,,,2026-10-02,452e500249a0b74a7d287b55a5335b44a6965d64df169b6be006e68ff4ed1e7a,User supplied; original licence not supplied,existing_user_supplied_context,Historical context only; no local crime label; receipt sources/supplied-locality-context.json
population density wardwise 1.csv,,,,2026-10-02,9bf579d807eb53dc9423ae38900ce4f65e2207be6cd7e96d9ad4d87170cfb667,User supplied; original licence not supplied,existing_user_supplied_context,Historical context only; no local crime label; receipt sources/supplied-locality-context.json
population density wardwise 2.csv,,,,2026-10-02,740cc1ed6ac70d0a8ab4dda679ab849701ff7610d5c0249ef8944bf0ed35ea93,User supplied; original licence not supplied,existing_user_supplied_context,Historical context only; no local crime label; receipt sources/supplied-locality-context.json
new_delhi_traffic_dataset\probe_counts\geojson\new_delhi__2024-08-11_to_2024-08-11_.geojson,,,,2026-10-02,be7d2c9a2d83f96d003d281d8f3bba6ea7e2ed6fcc8b877ebff3abf8427d85f5,User supplied; original licence not supplied,existing_user_supplied_context,Historical context only; no local crime label; receipt sources/supplied-locality-context.json
new_delhi_traffic_dataset\probe_counts\geojson\new_delhi__2024-08-12_to_2024-08-12_.geojson,,,,2026-10-02,4e5bf60ec59acd860da60848bb5069f13dbd6ef915836a02eed40206be9ec5d6,User supplied; original licence not supplied,existing_user_supplied_context,Historical context only; no local crime label; receipt sources/supplied-locality-context.json
new_delhi_traffic_dataset\probe_counts\geojson\new_delhi__2024-08-13_to_2024-08-13_.geojson,,,,2026-10-02,139e2d1632f251536e82166712854cbf54d747a14ababb2338f1ba4c2b54d983,User supplied; original licence not supplied,existing_user_supplied_context,Historical context only; no local crime label; receipt sources/supplied-locality-context.json
new_delhi_traffic_dataset\probe_counts\geojson\new_delhi__2024-08-14_to_2024-08-14_.geojson,,,,2026-10-02,495785834bd709af2aec9279ed1dafa9b1b2792251b2229a5a71e654159c869d,User supplied; original licence not supplied,existing_user_supplied_context,Historical context only; no local crime label; receipt sources/supplied-locality-context.json
new_delhi_traffic_dataset\probe_counts\geojson\new_delhi__2024-08-15_to_2024-08-15_.geojson,,,,2026-10-02,1ff0764194301bf8a400f42d02800380875acc5a960a2ceaa193bbd151ac0889,User supplied; original licence not supplied,existing_user_supplied_context,Historical context only; no local crime label; receipt sources/supplied-locality-context.json
new_delhi_traffic_dataset\probe_counts\geojson\new_delhi__2024-08-16_to_2024-08-16_.geojson,,,,2026-10-02,ec020b605f5489984badd9f7f50af84415798b00f3181c55f485f55eabd4b807,User supplied; original licence not supplied,existing_user_supplied_context,Historical context only; no local crime label; receipt sources/supplied-locality-context.json
new_delhi_traffic_dataset\probe_counts\geojson\new_delhi__2024-08-17_to_2024-08-17_.geojson,,,,2026-10-02,194f42bf832c0f201bb6cae99ac00b6da7b20f4bc86363541749a0b6e322027a,User supplied; original licence not supplied,existing_user_supplied_context,Historical context only; no local crime label; receipt sources/supplied-locality-context.json
new_delhi_traffic_dataset\probe_counts\geojson\new_delhi__2024-08-18_to_2024-08-18_.geojson,,,,2026-10-02,c3f7869e66548a621ccde1b84cacb0f6d2335e681791f4b8823f5f2e8db39313,User supplied; original licence not supplied,existing_user_supplied_context,Historical context only; no local crime label; receipt sources/supplied-locality-context.json
new_delhi_traffic_dataset\probe_counts\geojson\new_delhi__2024-08-19_to_2024-08-19_.geojson,,,,2026-10-02,1664b0e114bc5f8a7e55a8273f9bb74275a3c7c354d7d19baf1e4284ffc05c18,User supplied; original licence not supplied,existing_user_supplied_context,Historical context only; no local crime label; receipt sources/supplied-locality-context.json
new_delhi_traffic_dataset\probe_counts\geojson\new_delhi__2024-08-20_to_2024-08-20_.geojson,,,,2026-10-02,8fc0c6755cbea00e5849ff5a3db944336fe8edc5d2c9ce616ec261b0016449e7,User supplied; original licence not supplied,existing_user_supplied_context,Historical context only; no local crime label; receipt sources/supplied-locality-context.json
new_delhi_traffic_dataset\probe_counts\geojson\new_delhi__2024-08-21_to_2024-08-21_.geojson,,,,2026-10-02,1dfe0bc31aec7e31c56ca0ffcda84f10a09c47a3b9becd879f4463bf412750bb,User supplied; original licence not supplied,existing_user_supplied_context,Historical context only; no local crime label; receipt sources/supplied-locality-context.json
new_delhi_traffic_dataset\probe_counts\geojson\new_delhi__2024-08-22_to_2024-08-22_.geojson,,,,2026-10-02,2a8bf3c5990727215fb09a14c89071c47685965f43b55130fff3167f2c8a58e6,User supplied; original licence not supplied,existing_user_supplied_context,Historical context only; no local crime label; receipt sources/supplied-locality-context.json
new_delhi_traffic_dataset\probe_counts\geojson\new_delhi__2024-08-23_to_2024-08-23_.geojson,,,,2026-10-02,bf0931947c4398fae8d718cdac01a6978de073a961338883c5b5ac58f70d207c,User supplied; original licence not supplied,existing_user_supplied_context,Historical context only; no local crime label; receipt sources/supplied-locality-context.json
new_delhi_traffic_dataset\probe_counts\geojson\new_delhi__2024-08-24_to_2024-08-24_.geojson,,,,2026-10-02,ab8595f92e0a98979acce4cef9b9ddd2a9b31909f96ede3d90eadc9250f33a08,User supplied; original licence not supplied,existing_user_supplied_context,Historical context only; no local crime label; receipt sources/supplied-locality-context.json
new_delhi_traffic_dataset\probe_counts\geojson\new_delhi__2024-08-25_to_2024-08-25_.geojson,,,,2026-10-02,ff9c943ab99062647b82f8cc8d6eea62eff706ea11272d76c9c4c7d024b2abeb,User supplied; original licence not supplied,existing_user_supplied_context,Historical context only; no local crime label; receipt sources/supplied-locality-context.json
new_delhi_traffic_dataset\probe_counts\geojson\new_delhi__2024-08-26_to_2024-08-26_.geojson,,,,2026-10-02,7014fa17bf5d0477ec0d24fc444800146f06e9c742c0dd2eb02c29dcd4882c03,User supplied; original licence not supplied,existing_user_supplied_context,Historical context only; no local crime label; receipt sources/supplied-locality-context.json
new_delhi_traffic_dataset\probe_counts\geojson\new_delhi__2024-08-27_to_2024-08-27_.geojson,,,,2026-10-02,6cf315f08337c9c718d5dba91f6cab57a40ada4efa990c39aa23a8d8e009422e,User supplied; original licence not supplied,existing_user_supplied_context,Historical context only; no local crime label; receipt sources/supplied-locality-context.json
new_delhi_traffic_dataset\probe_counts\geojson\new_delhi__2024-08-28_to_2024-08-28_.geojson,,,,2026-10-02,d4599a34cc0054735247e1260d0a73731970026529c2d4316c79c58f7bd5d7a1,User supplied; original licence not supplied,existing_user_supplied_context,Historical context only; no local crime label; receipt sources/supplied-locality-context.json
new_delhi_traffic_dataset\probe_counts\geojson\new_delhi__2024-08-29_to_2024-08-29_.geojson,,,,2026-10-02,569c7d8837b13c640928f2af8f97996f46dea90156bbd4b13f1c5f5e832d203d,User supplied; original licence not supplied,existing_user_supplied_context,Historical context only; no local crime label; receipt sources/supplied-locality-context.json
new_delhi_traffic_dataset\probe_counts\geojson\new_delhi__2024-08-30_to_2024-08-30_.geojson,,,,2026-10-02,c9418701fd0f6d75dd63af0c8dca08da0b4b1f9d6c064c24917cfadb15c87829,User supplied; original licence not supplied,existing_user_supplied_context,Historical context only; no local crime label; receipt sources/supplied-locality-context.json
raw/maptiler/mapstyle.ts,https://raw.githubusercontent.com/maptiler/maptiler-client-js/refs/heads/main/src/mapstyle.ts,https://raw.githubusercontent.com/maptiler/maptiler-client-js/refs/heads/main/src/mapstyle.ts,2026-10-01T23:25:39.997633+00:00,2026-10-02,fb1843f9ea7f4b0bf4a4ec04bfbff62b090d856ee3347bdd50b1b8df725e8903,Public client catalogue metadata; original repository terms apply,automatic_download_receipt_in_raw_acquisition_audits,Documented style IDs only; service terms/account access still apply
